Titel,Year,Make,Model,Price,Search Model,Transmission,Mileage,Location,Description,Flags,URL
2002 BMW e46 2.0 318i post facelift,2002,BMW,e46 2.0 318i post facelift,3900000,,automatic,235000,Santiago,"BMW E46 del a√±o 2002 con un motor de 2.0 litros y 235,000 kil√≥metros recorridos. Este veh√≠culo tiene caracter√≠sticas destacadas: Frenos nuevos: Pastillas de freno cer√°micas y discos nuevos Zimmerman. Mantenimiento reciente: Caja y motor revisados hace 15,000 km y 2,000 km respectivamente. Transmisi√≥n autom√°tica: 5 velocidades y 3 modos :automatico/sport/manual. Seguridad avanzada: Control de tracci√≥n, ABS y airbags. Comodidad interior: Aire acondicionado, sunroof, retrovisores el√©ctricos y c√°mara de retroceso. Entretenimiento moderno: Pantalla plug and play con USB, Bluetooth y controles en el volante. Funcionalidad adicional: Control de crucero, cierre centralizado y alarma. Est√©tica deportiva: Llantas asim√©tricas aro 17 del modelo ‚Äúlook M‚Äù. Tiene detalles est√©ticos en el exterior que arreglar, tengo el parachoque trasero, pero hay que pintarlo para igualar al color de la carrocer√≠a, para mas detalles al interno Lo muestro en la florida Si esta publicado, esta disponible",['detalles menores'],https://web.facebook.com/marketplace/item/818899626922095/?ref=search&referral_code=null&referral_story_type=post&__tn__=!%3AD
2010 BMW series 5,2010,BMW,series 5,9890000,,automatic,125000,Mar√≠a Pinto,SE VENDE O SE PERMUTA BMW 523i A√ëO 2010 FULL CUERO MOTOR 2.5 CAJA AT CLIMATIZADOR VELOCIDAD CRUCERO ESCOTILLA MALETERO EL√âCTRICO VIDRIOS POLARIZADOS 120.XXX KM REALES ENTRE M√ÅS COSAS VEH√çCULO AL D√çA TRASFERENCIA INMEDIATA PRECIO FIJO SE RECIBE VEH√çCULO EN PARTE DE PAGO PERMUTA 11M M√ÅS INFO AL [hidden information],"['al dia', 'parte']",https://web.facebook.com/marketplace/item/816169343672280/?ref=search&referral_code=null&referral_story_type=post&__tn__=!%3AD
2008 BMW series 3,2008,BMW,series 3,4000000,,automatic,1000,Santiago,"Lo compre con detalles de caja nunca le hicieron cambio de aceite a la caja costaba mucho que entraran los cambios. Yo lo recupere le pusimos aditivo para recuperar un poco el aceite logrando que entraran todos los cambios, tienen que andarlo m√≠nimos 150 kil√≥metros con el aditivo y hacerle el cambio de aceite a la caja conjunto con el filtro y queda listo el problema que ten√≠a ya entran los cambios y todo pero no lo ocupo ya que por falta de espacio y tiempo no e podido darle el rodaje. Ideal cambiarle bomba de agua por seguridad yo lo ocupo de ves en cuando y no tiene problemas pero tiene su consumo de agua dependiendo la distancia solo por seguridad. Esta revisi√≥n t√©cnica al d√≠a falta seguro y permiso tiene multas y se supone que est√° en prenda pero hablando con el due√±o anterior me dejo transferencia abierta y todo el tema. Prenda antigua. Estuvo votado mucho tiempo tiene sus detalles pero el autito muy c√≥modo versi√≥n full aire acondicionado todo precio conversable.","['conversable', 'al dia', 'multas']",https://web.facebook.com/marketplace/item/4102988583261446/?ref=search&referral_code=null&referral_story_type=post&__tn__=!%3AD
2008 BMW series 3,2008,BMW,series 3,6750000,,automatic,145000,Talagante,"Se vende el regal√≥n, solo por apuro econ√≥mico y por nuevos proyectos. El valor puede ser conversable. Motor 2.0, top de l√≠nea con sunroof, autom√°tico, asientos de cuero y m√°s‚Ä¶ cualquier dato al whatsap [hidden information]. No permuto!!",['conversable'],https://web.facebook.com/marketplace/item/319354131144413/?ref=search&referral_code=null&referral_story_type=post&__tn__=!%3AD
2014 BMW x1 x-line,2014,BMW,x1 x-line,8990000,,automatic,117000,Santiago,BMW X1 versi√≥n X-line Motor 2.0 bencinero turbo Transmisi√≥n autom√°tica Sunrooof 116.xxx kilometraje Documentos al d√≠a transferible,['al dia'],https://web.facebook.com/marketplace/item/1735482846978679/?ref=search&referral_code=null&referral_story_type=post&__tn__=!%3AD
2009 BMW 318i trip tronic,2009,BMW,318i trip tronic,6100000,,automatic,17000,Quilpu√©,SE VENDE ULTIMO MES AUTO EN BUENAS CONDICIONES CUALQUIER COSA INBOX PRECIO UNICO SE VENDE POR VIAJE,[],https://web.facebook.com/marketplace/item/348811508153383/?ref=search&referral_code=null&referral_story_type=post&__tn__=!%3AD
2018 BMW x1,2018,BMW,x1,9500000,,automatic,96000,Puente Alto,"Papeles al dia, transferible, sin multas, es de aseguradora por eso el valor, tiene detalles esteticos, funciona bien de motor y caja, 96.000 km, bencinero Tiene un mensaje de revision de propulsion proximamente, funciona normalmente el auto","['al dia', 'detalles menores']",https://web.facebook.com/marketplace/item/972539477798159/?ref=search&referral_code=null&referral_story_type=post&__tn__=!%3AD
2011 BMW series 3,2011,BMW,series 3,9000000,,automatic,147000,Pe√±aflor,BMW 325i A√±o 2011 Motor 2.5 Autom√°tico 147.000Km Blanco Bencinero Pantalla CarPlay Escape libre 2 llaves Camara de retroceso Precio conversable,['conversable'],https://web.facebook.com/marketplace/item/247259911798022/?ref=search&referral_code=null&referral_story_type=post&__tn__=!%3AD
2006 BMW series 3,2006,BMW,series 3,8000000,,automatic,130000,Santiago,"¬°Oportunidad √∫nica! üöÄ Vendo BMW 330i 2006, un verdadero cl√°sico con un motor aspirado de 3.0 litros y 280 HP. Este auto ha sido cuidado meticulosamente y est√° en excelente estado: üõ†Ô∏è Mantenimiento reci√©n hecho ‚úÖ - Kilometraje: 130,xxxkm - Amortiguadores nuevos de Alemania üá©üá™ - Pintura exterior y llantas reci√©n renovadas con pulitura ‚ú® - L√≠nea de escape con resonador Borla y colas M para un sonido deportivo üé∂ - Asientos y retrovisores electr√≥nicos üöó - Tapicer√≠a y pl√°sticos interiores impecables, sin detalles üî• - L√°mina de seguridad en todos los vidrios El auto es una m√°quina pueden venir con 10 mec√°nicos si quieren est√° impecable y muy muy bien cuidado ‚ù§Ô∏è Acepto permutas m√°s dinero a mi favor",[],https://web.facebook.com/marketplace/item/366077916240218/?ref=search&referral_code=null&referral_story_type=post&__tn__=!%3AD
2010 BMW x1,2010,BMW,x1,8400000,,automatic,135000,Quilpu√©,"Totalmente Transferible , a mi nombre ... papeles al dia , uso diario , poco kilometraje para el a√±o , motor bencinero 2.0 y caja automatica , buen estado , neumaticos 70% , rev tecn julio 2024 , permiso circulacion pago total hasta 2025 ...NO SE PERMUTA ... poco conversable ... interazados solicitar numero de whatsaap .. y si esta publicado esta disponible ..","['conversable', 'al dia']",https://web.facebook.com/marketplace/item/918898256446007/?ref=search&referral_code=null&referral_story_type=post&__tn__=!%3AD
2014 BMW x1,2014,BMW,x1,4690000,,automatic,190000,Cerrillos,"Vendemos o recibimos veh√≠culo en parte de pago, motor e interiores impecables , A TODA PRUEBA. 2da Due√±a 190 km UNICO DETALLE ELECTRICO NO ENCIENDE .- Motor 2.0 Cc (De 15,4 a 19,2 km x litros) DIESEL .- 4 Airbags .- Version con pantalla completa .- 5 llantas de aleaci√≥n OPORTUNIDAD Consultas serias llamar al 9Ô∏è‚É£ 3Ô∏è‚É£4Ô∏è‚É£6Ô∏è‚É£7Ô∏è‚É£0Ô∏è‚É£5Ô∏è‚É£7Ô∏è‚É£5Ô∏è‚É£ Mundo Automotriz Oeste PRECIO CONVERSABLE podr√≠a recibir todo tipo de veh√≠culos ejemplo.. a spark lt gt cruze sonic aveo sail onix prisma orlando captiva dmax silverado optra suzuki vitara jimmy swift baleno gran nomade celerio baleno hyundai elantra sonata accent i10 volkswagen gol vento voyage golf saveiro fiat punto kia morning cerato sportage sorento frontier Rio5 impreza forester chery iq tiggo fulwin zna grand tigger zx dfsk dongfeng asia hafei changan nissan v16 sentra murano qashqai dodge ram dakota durando toyota yaris sport corolla 4runner rubicon jeep wragler bmw 235 240 116 330 m2 m3 m4 x6 x5 gt camaro srt kia frontier byd mi","['conversable', 'parte']",https://web.facebook.com/marketplace/item/1374096053298953/?ref=search&referral_code=null&referral_story_type=post&__tn__=!%3AD
2014 BMW 520i turbo 2014 motor malo,2014,BMW,520i turbo 2014 motor malo,6950000,,automatic,150000,Santiago,Liquido bmw 520i turbo executive motor malo Documentos atrasados transferible No de remate no de cia de seguro Ver en salvador Allende 243 San Joaqu√≠n ‚ûï5Ô∏è‚É£6Ô∏è‚É£9Ô∏è‚É£ 9Ô∏è‚É£6Ô∏è‚É£4Ô∏è‚É£8Ô∏è‚É£5Ô∏è‚É£4Ô∏è‚É£9Ô∏è‚É£5Ô∏è‚É£,"['atrasados', 'malo']",https://web.facebook.com/marketplace/item/406257968715606/?ref=search&referral_code=null&referral_story_type=post&__tn__=!%3AD
2012 BMW 116i sport,2012,BMW,116i sport,7990000,,automatic,158000,Rancagua,"Se vende bmw 116i modelo sport - permiso de circulaci√≥n pagado, al d√≠a - 4 modos de conducci√≥n eco, normal, sport, sport+ - sunroof - caja autom√°tica de 8 cambios -cambio de pastillas en las 4 ruedas reci√©n realizado - cambio de aceite reci√©n realizado M√°s detalles por Interno +5Ô∏è‚É£6Ô∏è‚É£9Ô∏è‚É£3Ô∏è‚É£2Ô∏è‚É£3Ô∏è‚É£7Ô∏è‚É£4Ô∏è‚É£8Ô∏è‚É£3Ô∏è‚É£6Ô∏è‚É£",['al dia'],https://web.facebook.com/marketplace/item/971289741052345/?ref=search&referral_code=null&referral_story_type=post&__tn__=!%3AD
2014 BMW x1,2014,BMW,x1,4690000,,automatic,215000,San Miguel,"Vendemos o recibimos veh√≠culo en parte de pago, motor e interiores impecables 2da Due√±a UNICO DETALLE ELECTRICO NO ENCIENDE .- Motor 2.0 Cc (De 15,4 a 19,2 km x litros) DIESEL .- 4 Airbags .- Version con pantalla completa .- 5 llantas de aleaci√≥n OPORTUNIDAD Consultas serias llamar al 9Ô∏è‚É£ 3Ô∏è‚É£4Ô∏è‚É£6Ô∏è‚É£7Ô∏è‚É£0Ô∏è‚É£5Ô∏è‚É£7Ô∏è‚É£5Ô∏è‚É£ Mundo oeste automotriz PRECIO CONVERSABLE podr√≠a recibir todo tipo de veh√≠culos ejemplo.. a spark lt gt cruze sonic aveo sail onix prisma orlando captiva dmax silverado optra suzuki vitara jimmy swift baleno gran nomade celerio baleno hyundai elantra sonata accent i10 volkswagen gol vento voyage golf saveiro fiat punto kia morning cerato sportage sorento frontier Rio5 impreza forester chery iq tiggo fulwin zna grand tigger zx dfsk dongfeng asia hafei changan nissan v16 sentra murano qashqai dodge ram dakota durando toyota yaris sport corolla 4runner rubicon jeep wragler bmw 235 240 116 330 m2 m3 m4 x6 x5 gt camaro srt kia frontier byd mi","['conversable', 'parte']",https://web.facebook.com/marketplace/item/860346139436969/?ref=search&referral_code=null&referral_story_type=post&__tn__=!%3AD
2011 BMW series 3,2011,BMW,series 3,9600000,,automatic,124000,Huechuraba,BMW 320i 2011 2.0 -Cuenta con look m3 e90 -Llantas y neum√°ticos aro 17 ( se entrega con 4 neum√°ticos y llantas aro 16) -L√≠nea de escape inox con dos silenciadores -Polarizado legal (certificado de polarizado) -Pantalla touch con Apple CarPlay -Sensor de retroceso -Kil√≥metros: 124.000 -Detalle en el costado derecho se ve en la foto -Mec√°nicamente impecable P√°peles totalmente al d√≠a hasta 2025 EXCELENTE ESTADO Precio conversable NO SE PERMUTA,"['conversable', 'al dia']",https://web.facebook.com/marketplace/item/7760610253973580/?ref=search&referral_code=null&referral_story_type=post&__tn__=!%3AD
2011 BMW x3 diesel 2.0cc al d√≠a,2011,BMW,x3 diesel 2.0cc al d√≠a,8580000,,automatic,170000,Cerrillos,‚úÖMotor Turbo Diesel 2.0 ‚úÖPastillas De Frenos Nuevas ‚úÖMantencion Realizada ‚úÖFull Equipo Encendido Star/ Stop ‚úÖDocumentos Al Dia ‚úÖDirecci√≥n Hidr√°ulica ‚úÖRadio Bluetooth ‚úÖSensor De Aproximaci√≥n Delantero y Trasero ‚úÖNeum√°ticos y Llantas Impecables ‚úÖAlarma y Cierre Centralizado ‚úÖC√°mara De Retroceso Y M√°s‚Ä¶ Veh√≠culo A Toda Prueba Excelente Estado Motor y Carrocer√≠a Podr√≠a Recibir Veh√≠culos De Menor Valor!!! Cualquier Duda O Consulta ‚ûï5Ô∏è‚É£6Ô∏è‚É£9Ô∏è‚É£8Ô∏è‚É£8Ô∏è‚É£4Ô∏è‚É£9Ô∏è‚É£6Ô∏è‚É£1Ô∏è‚É£3Ô∏è‚É£6Ô∏è‚É£,['al dia'],https://web.facebook.com/marketplace/item/1804675113368767/?ref=search&referral_code=null&referral_story_type=post&__tn__=!%3AD
2000 BMW 523 i39,2000,BMW,523 i39,4700000,,automatic,193000,Pudahuel,Venta o permuta auto sin detalles mec√°nicos solo est√©tica motor 2.5 6 cilindros en l√≠nea una m√°quina busco auto m√°s chico para guardarlo en mi casa doy de pudahuel mantenimiento realizado puede traer mec√°nico gracias,[],https://web.facebook.com/marketplace/item/629699289311534/?ref=search&referral_code=null&referral_story_type=post&__tn__=!%3AD
2005 BMW 525 i 2.5 aut,2005,BMW,525 i 2.5 aut,3500000,,automatic,9000,Lo Prado,BMW 525 I 2.5 al desarme Motor 2.5 Caja autom√°tica Tapiz full cuero nuevo Interior nuevo Exterior nuevo Llantas nuevas neum√°ticos impecables Motor impecable Focos parabrisas Est√°n todo los repuestos del veh√≠culo Consulte aproveche los repuestos a buen precio,"['desarme', 'repuestos']",https://web.facebook.com/marketplace/item/433333855740812/?ref=search&referral_code=null&referral_story_type=post&__tn__=!%3AD
2005 BMW 320i 2.2,2005,BMW,320i 2.2,6999000,,automatic,168000,Algarrobo,"Vendo BMW 320i 2.2 o Permuto por 4x4 autom√°tico. Excelente estado, al dia y transferible llegar y andar. Tapiz de cuero excelente, techo el√©ctrico, butacas el√©ctricas, motor y caja impecable, aceite motor, buj√≠as, filtros discos, pastillas, sensores de frenos, amortiguadores, bandejas de suspensi√≥n nuevos. Se vende por renovaci√≥n. valor $7.490.000",['al dia'],https://web.facebook.com/marketplace/item/931826218674299/?ref=search&referral_code=null&referral_story_type=post&__tn__=!%3AD
2012 BMW series 3,2012,BMW,series 3,1000000,,automatic,140000,Las Condes,"BMW 320 LCI 2012 AL DESARME, SE HACEN ENV√çOS",['desarme'],https://web.facebook.com/marketplace/item/1514237835803714/?ref=search&referral_code=null&referral_story_type=post&__tn__=!%3AD
2015 BMW x5,2015,BMW,x5,5100000,,automatic,169000,Cerrillos,"‚ú®Importante‚ú® ‚úÖMotor 3.0 CC Turbo Diesel ‚úÖAire Acondicionado ‚úÖDireccion Hidraulica ‚úÖAutomatica ‚ú® Opciones de Pago: CONTADO O FINANCIAMIENTO AUTOMOTRIZ ‚ú®Opciones de financiamientos: üîπDesde 5.100.000 de pie previa evaluaci√≥n. üîπDesde un 35% de pie cliente falabella previa evaluaci√≥n. üí≤ Precio: $16,980,000 üí´Mayores de 21 sin DICOM. üöòAutos en parte de pagoüöò üìû Cont√°ctanos: ‚ûï5Ô∏è‚É£6Ô∏è‚É£9Ô∏è‚É£4Ô∏è‚É£6Ô∏è‚É£6Ô∏è‚É£2Ô∏è‚É£3Ô∏è‚É£3Ô∏è‚É£5Ô∏è‚É£2Ô∏è‚É£ üìç Ubicaci√≥n: Am√©rico Vespucio Express, 2451, Cerrillos, Automotora Lidcar, Patio Automotriz Car Shopping",['parte'],https://web.facebook.com/marketplace/item/388140030832762/?ref=search&referral_code=null&referral_story_type=post&__tn__=!%3AD
2012 BMW i3,2012,BMW,i3,6900000,,automatic,1000,Talagante,"Se vende Bmw 318 i 2012 2.0 con todas sus mantenciones al d√≠a , de uso diario No se permuta El precio es un poco conservable",['al dia'],https://web.facebook.com/marketplace/item/422890507353095/?ref=search&referral_code=null&referral_story_type=post&__tn__=!%3AD
2006 BMW 325ia,2006,BMW,325ia,7700000,,automatic,243000,Buin,"Bmw 325ia Buenas condiciones Se puede ver cualquier d√≠a Tiene bastante tecnolog√≠a para el a√±o Sin detalles graves, solo detalles por los a√±os. [hidden information]",[],https://web.facebook.com/marketplace/item/430804156076756/?ref=search&referral_code=null&referral_story_type=post&__tn__=!%3AD
"2013 BMW 116 i automatico 3 puertas ,poco kilometraje , consulte :tenemos m√°s de 30 autos en stock disponibles , v√©alos! aceptamos pago en efectivo o tarjetas de creditos",2013,BMW,"116 i automatico 3 puertas ,poco kilometraje , consulte :tenemos m√°s de 30 autos en stock disponibles , v√©alos! aceptamos pago en efectivo o tarjetas de creditos",8990000,,automatic,122000,Santiago,"BMW 116i A√±o 2016 automatico 1.6cc , Aire acondicionado , 4 airbag ,frontales y cortina , start stop, llantas de aleacion , a toda prueba , real oportunidad ,. CONSULTE , TENEMOS MAS DE 30 AUTOS EN STOCK DISPONIBLE!!",[],https://web.facebook.com/marketplace/item/648401404067826/?ref=search&referral_code=null&referral_story_type=post&__tn__=!%3AD
2011 BMW serie 3 bmw 320 i,2011,BMW,serie 3 bmw 320 i,9500000,,automatic,170000,Las Condes,"BMW 320I una verdadera joya Reci√©n cambiados todos los discos de frenos nuevos originales BMW (Facturas de respaldo) Cambios de Aceite, filtros, filtro de polen. Cambio de correa mas soportes por accesorios originales BMW. Recientemente. Cambio de buj√≠as del motor de 4 cilindros. Auto en perfecto estado, todos los mantenimientos al d√≠a. Llantas deportivas. neum√°ticos runflat bmw. El auto funciona incre√≠ble lo vendo por apuro economico.",['al dia'],https://web.facebook.com/marketplace/item/399250262825150/?ref=search&referral_code=null&referral_story_type=post&__tn__=!%3AD
1998 BMW series 5,1998,BMW,series 5,3250000,,automatic,258000,Pudahuel,"SE VENDE O SE PERMUTA + A MI FAVOR Conversable BMW 528i 1998 Motor 6 en l√≠nea 2.8cc Tracci√≥n trasera Llantas traseras 19‚Äù Llantas delanteras 16‚Äù Sensor de temperatura exterior cambiado Al d√≠a y transferible sin multas Palanca de cambios de modelos BMW nuevos para e39 con luces funcionales Tiene detalles por el a√±o ya que es del 98 pero en si lo pl√°sticos, tapiz, electr√≥nicos, luces, mec√°nicamente y funcionalmente est√° en buen estado, de uso diario Conversable Detalles: -Sunroof no funciona -Los seguros delanteros no funcionan pero tengo los motores para cambiarlos ( Los seguros traseros si funcionan, el auto se abre con la chapa sin problemas) -Alzavidrios traseros no funcionan","['conversable', 'al dia']",https://web.facebook.com/marketplace/item/1661312811364416/?ref=search&referral_code=null&referral_story_type=post&__tn__=!%3AD
2004 BMW x5,2004,BMW,x5,3900000,,automatic,250000,Conchal√≠,motor malo por eso el precio vendo o permuto bmw x5 motor v8 (malo) no lo eh podido revisar pero se paro de la nada y suena mal la camioneta esta todo al dia hasta el 2025 a mi nombre llegar y transferir la camioneta esta impecable por dentro y por fuera la caja tambien impecable vendo o permuto por moto sobre 400cc. precio conversable,"['conversable', 'al dia', 'malo']",https://web.facebook.com/marketplace/item/1645226776281154/?ref=search&referral_code=null&referral_story_type=post&__tn__=!%3AD
2010 BMW 530 i,2010,BMW,530 i,6990000,,automatic,196000,Santiago,"Veh√≠culo full equipo cuero autom√°tico a toda prueba max equipamiento 
A toda prueba",[],https://web.facebook.com/marketplace/item/721294396825869/?ref=search&referral_code=null&referral_story_type=post&__tn__=!%3AD
2001 BMW series 3,2001,BMW,series 3,3800000,,automatic,171000,Pe√±aflor,Se vende BMW 318i serie 3 est√° tal cual las fotos Est√° al d√≠a transferible Sunroof Radio con pantalla Android Climatizador Sin partes ni multas Detalles: Cambiar buje de bandeja Sensor de ABS cambiar Arreglar alzavidrios,['al dia'],https://web.facebook.com/marketplace/item/945664810428590/?ref=search&referral_code=null&referral_story_type=post&__tn__=!%3AD
2007 BMW 525 ia 2.5 aut 2007,2007,BMW,525 ia 2.5 aut 2007,6490000,,automatic,189000,Las Condes,"Bmw 525 IA 2.5 AUT 2007 ‚Ä¢ Precio: $6.490.000 ‚Ä¢ A√±o: 2007 ‚Ä¢ Kilometraje: 189.000 ‚Ä¢ Sunroof. ‚Ä¢ Combustible: Bencina ‚Ä¢ Transmisi√≥n: Automatico ‚Ä¢ Aire acondicionado ‚Ä¢ Asientos de cuero. ‚Ä¢ Mandos al volante ‚Ä¢ Conexi√≥n a USB, auxiliar, bluetooth www.automotoraapoquindo.cl Recuerda que estamos ubicados en Tom√°s Moro 646 , Las Condesüìç üü°Aceptamos tarjeta de cr√©dito y d√©bito üü° Consulta por nuestro cr√©dito automotriz üíµüí≥ üü°Recibimos autos en parte de pagoüöóüöô üï¢Lun a vie 9:30am a 18:30pm - S√°b 10:00 a 17:00pm #automotoraschile #compraventaautos #automotoraApoquindo #vehiculos #ventadeautos",['parte'],https://web.facebook.com/marketplace/item/384210137715522/?ref=search&referral_code=null&referral_story_type=post&__tn__=!%3AD
2017 BMW series 1,2017,BMW,series 1,5600000,,automatic,85000,La Serena,"BMW 120i 1.6 Tüá©üá™ VERSI√ìN: SPORT M VALOR: $18.490.000 PIE: $[hidden information]% ‚òëÔ∏è85.000 KMS ‚òëÔ∏èTRANSMISION AUTOM√ÅTICA ‚òëÔ∏èMOTOR 1.6 TURBO ‚òëÔ∏èA√ëO 2017 ‚òëÔ∏èMODOS DE MANEJO ‚òëÔ∏èSENSORES DE RETROCESO ‚òëÔ∏èC√ÅMARA DE RETROCESO ‚òëÔ∏èSTAR STOP ‚òëÔ∏èMANTENCIONES AL D√çA ‚òëÔ∏èCLIMATIZADOR ‚òëÔ∏èSUNROOF ‚òëÔ∏èASIENTOS DE ALC√ÅNTARA ‚òëÔ∏èTRACCI√ìN TRASERA ‚òëÔ∏èSTAGE 2 ‚òëÔ∏èPOPS AND BANG ‚òëÔ∏èL√çNEA DE INOX TERMINACI√ìN ‚òëÔ∏èINDUCCI√ìN ALTO FLUJO ‚òëÔ∏èCARPLAY CR√âDITO EXPRESS 40%: $7.396.000 üó£Ô∏èCR√âDITO EXPRESS SIN ACREDITAR RENTA PIE DESDE EL 40% DEL VALOR DEL VEH√çCULO CONDICI√ìN: ESTAR BANCARIZADO EN ALG√öN BANCO O TENER ALG√öN PATRIMONIO A SU NOMBRE üÜó GESTIONAMOS FINANCIAMIENTOS -FALABELLA -TANNER -AUTOFACIL -SANTANDER -UNIDAD -FORUM üÜóRECIBIMOS AUTOS EN PARTE DE PAGO üÜóVEHICULO CON GARANT√çA MOTOR/TREN DELANTERO/ TREN TRASERO üÜóGESTIONAMOS SEGURO AUTOMOTRIZ **M√úNCHEN AUTOMOTRIZ** üìçAV BALMACEDA 4601,","['al dia', 'parte']",https://web.facebook.com/marketplace/item/743714317864513/?ref=search&referral_code=null&referral_story_type=post&__tn__=!%3AD
2000 BMW i3,2000,BMW,i3,3100000,,automatic,19000,Chill√°n Viejo,Bmw 328i a√±o 99 motor 2.8 6 en linea autom√°tico caja sport traccion trasera full cuero Aldia transferible Detalles le suena los taquis Bomba hidr√°ulica Parabrisas Amortiguador 9 58_44_66_44,[],https://web.facebook.com/marketplace/item/795594642590345/?ref=search&referral_code=null&referral_story_type=post&__tn__=!%3AD
2014 BMW series 1,2014,BMW,series 1,8990000,,automatic,191000,Vitacura,ESPECIFICACIONES GENERALES „Éª COLOR: Blanco „Éª DUE√ëOS: 4 „Éª LLAVES: 1 „Éª UBICACI√ìN: Las Condes „Éª N√öMERO DE PUERTAS: 5 ESPECIFICACIONES MEC√ÅNICAS „Éª MOTOR: 1.6 „Éª TRACCI√ìN: 2wd „Éª MANTENCIONES: Particular CARACTER√çSTICAS GENERALES „Éª COMANDOS AL VOLANTE „Éª RADIO BLUETOOTH „Éª USB „Éª AUX „Éª SENSORES DE RETROCESO „Éª AIRE ACONDICIONADO „Éª MODOS DE CONDUCCI√ìN „Éª ALZAVIDRIOS EL√âCTRICOS „Éª ESPEJOS RETROVISORES EL√âCTRICOS,[],https://web.facebook.com/marketplace/item/853834320117292/?ref=search&referral_code=null&referral_story_type=post&__tn__=!%3AD
2004 BMW series 3,2004,BMW,series 3,5290000,,automatic,200000,Molina,Esta en excelente estado Tope de l√≠nea Detalles m√≠nimos por el a√±o Fono[hidden information] Todo al d√≠a Mantenciones reci√©n echas,"['al dia', 'detalles menores']",https://web.facebook.com/marketplace/item/1154577572634470/?ref=search&referral_code=null&referral_story_type=post&__tn__=!%3AD
2013 BMW x5,2013,BMW,x5,5100000,,automatic,1000,Santiago,PIE DESDE: $5.100.000 Valor: $16.990.000 Documentos al d√≠a‚úÖ Pintura y llantas originalesüíØ Full equipoüìå Aire acondicionado‚ùÑÔ∏èüî• Doble air bagsüí¢ Mec√°nica excelenteüåê Dieselüì£ SOLO CON FINANCIAMIENTO‚úÖ‚úÖ Todo medio de pagoüíµüí≥ Recibo veh√≠culos en parte de pago previa evaluaci√≥n presencialüìå,"['al dia', 'parte']",https://web.facebook.com/marketplace/item/808200134501174/?ref=search&referral_code=null&referral_story_type=post&__tn__=!%3AD
2010 BMW x3 xdrive di√©sel conversable!,2010,BMW,x3 xdrive di√©sel conversable!,8400000,,automatic,204000,Maip√∫,BMW X3 Xdrive 3.0 di√©sel 2010 $8.4 *Asientos de cuero impecables con regulaci√≥n el√©ctrica y memoria. *Sunroof operativo y funcionando a perfecci√≥n. *Neum√°ticos Goodyear Assurance con menos de 10 mil kms. *Incluye arrastre (no incluye brazo & coco) *Sin choques *Sin multas *Mantenimiento al d√≠a *Llegar y transferir,['al dia'],https://web.facebook.com/marketplace/item/724438233192255/?ref=search&referral_code=null&referral_story_type=post&__tn__=!%3AD
2010 BMW series 3,2010,BMW,series 3,7600000,,automatic,1000,Puente Alto,"Bmw 318 i a√±o 2010
Papeles al d√≠a.
Acepto ofertas.",['al dia'],https://web.facebook.com/marketplace/item/2223336027998134/?ref=search&referral_code=null&referral_story_type=post&__tn__=!%3AD
2001 BMW i3,2001,BMW,i3,6000000,,automatic,15000,Santa Cruz,No description,[],https://web.facebook.com/marketplace/item/3427908717501008/?ref=search&referral_code=null&referral_story_type=post&__tn__=!%3AD
2014 BMW 520i executive 2014 motor malo,2014,BMW,520i executive 2014 motor malo,6950000,,automatic,150000,Santiago,Liquido bmw 520i executive 2014 motor malo Documentos al d√≠a Ver en salvador Allende 243 san Joaqu√≠n ‚ûï5Ô∏è‚É£6Ô∏è‚É£9Ô∏è‚É£ 9Ô∏è‚É£6Ô∏è‚É£4Ô∏è‚É£8Ô∏è‚É£5Ô∏è‚É£4Ô∏è‚É£9Ô∏è‚É£5Ô∏è‚É£,"['al dia', 'malo']",https://web.facebook.com/marketplace/item/1544798172744866/?ref=search&referral_code=null&referral_story_type=post&__tn__=!%3AD
2008 BMW series 3,2008,BMW,series 3,3200000,,automatic,22000,Nogales,Se vende BMW de uso diario Transferible sin problemas (Fue chocado y reparado ) Bomba idraulica mala (direccion dura ) Airbag ch√≥fer activado Alinear Balancear Etc Interesados inbox $ 3.200.000,"['chocado', 'mala']",https://web.facebook.com/marketplace/item/428360449757453/?ref=search&referral_code=null&referral_story_type=post&__tn__=!%3AD
2004 BMW series 5,2004,BMW,series 5,6500000,,automatic,250000,Santiago,El auto esta realmente impecable cero fuga 2 llaves uso diario Preguntar solamente personas interesadas La mejor oferta se lo lleva,[],https://web.facebook.com/marketplace/item/437848798673778/?ref=search&referral_code=null&referral_story_type=post&__tn__=!%3AD
2013 BMW series 3,2013,BMW,series 3,8000000,,automatic,150000,Concepci√≥n,2.0 twin turbo Stange 2 L√≠nea completa Al d√≠a Transferible No permuto! SOLO GENTE SER√çA No conversable,"['conversable', 'al dia']",https://web.facebook.com/marketplace/item/1464774117407016/?ref=search&referral_code=null&referral_story_type=post&__tn__=!%3AD
2008 BMW series 5,2008,BMW,series 5,6300000,,automatic,159000,San Javier,Vendo o permuto BMW 525i A√±o 2008 Motor 2.5 El auto se encuentra en perfercto estado andando ala llave.... Tranferible al dia hasta findemes de marzo 2024.... sin partes ni multas.... Puedo permutar x auto o camioneta mas dinero a su favor ‚ÅâÔ∏è... puede ser un prenda due√±o directo.... segun el auto o camioneta permuto ?....,['al dia'],https://web.facebook.com/marketplace/item/338533801975838/?ref=search&referral_code=null&referral_story_type=post&__tn__=!%3AD
2004 BMW series 5,2004,BMW,series 5,7500000,,automatic,280000,La Florida,"Vendo o permuto mi regalon puedo dar diferencia en efectivo o recibir veh√≠culo m√°s dinero no tengo nada en mente, transferible sin partes ni multas detalles acusa falla de un sensor no afecta en nada su funcionamiento y una fuga de aceite por la empaquetadura de c√°rter!! Se usa a diario Ofrescan!",[],https://web.facebook.com/marketplace/item/427791553263228/?ref=search&referral_code=null&referral_story_type=post&__tn__=!%3AD
2010 BMW series 3,2010,BMW,series 3,8990000,,automatic,185000,Puente Alto,"Perfecto estado Papeles hasta 2025 Todas sus mantenimientos al d√≠a ,auto r√°pido,seguro,c√≥modo. Llegar y disfrutar Full Consultas via inbox o wasap [hidden information]",['al dia'],https://web.facebook.com/marketplace/item/399222899411264/?ref=search&referral_code=null&referral_story_type=post&__tn__=!%3AD
2010 BMW series 3,2010,BMW,series 3,8700000,,automatic,158000,La Serena,"Motor 2.0 aspirado Versi√≥n full..velocidad crucero , etc. Interior de cuero Sunroof Electrico Asientos electricos Caja triptonic Solo detalles est√©ticos Totalmente conversable , se puede venir a ver cuando quiera.","['conversable', 'detalles menores']",https://web.facebook.com/marketplace/item/1101486707641431/?ref=search&referral_code=null&referral_story_type=post&__tn__=!%3AD
2008 BMW series 3,2008,BMW,series 3,8400000,,automatic,115000,Pichilemu,"Se vende BMW Modelo 318i A√±o 2008 Motor 2.0 115.000 km Climatizador bi-zona Aire asientos de atr√°s Asientos de cuero Radio 8"" pantalla t√°ctil Transmisi√≥n autom√°tica 3 modos de conducci√≥n Alzavidrios el√©ctricos",[],https://web.facebook.com/marketplace/item/1455900208457680/?ref=search&referral_code=null&referral_story_type=post&__tn__=!%3AD
2010 BMW 318 i,2010,BMW,318 i,7850000,,automatic,156000,Vi√±a del Mar,"BMW 318 i autom√°tico, con documentaci√≥n al d√≠a, transferibe. Buen estado, bello",['al dia'],https://web.facebook.com/marketplace/item/336566332169601/?ref=search&referral_code=null&referral_story_type=post&__tn__=!%3AD
2006 BMW series 5,2006,BMW,series 5,5800000,,automatic,225000,Palmilla,"‚úñÔ∏èNO SE PERMUTA LEER BIEN,‚úñÔ∏è Se vende BMW 530i ‚ù§Ô∏è‚Äçü©π Motor 3.0 Full Asientos de cuero Velocidad crucero Climatizador Asientos y espejos el√©ctricos sunroof el√©ctrico Precio conversable",['conversable'],https://web.facebook.com/marketplace/item/938716244707929/?ref=search&referral_code=null&referral_story_type=post&__tn__=!%3AD
2001 BMW 318 i,2001,BMW,318 i,3590000,,automatic,242000,Ovalle,"Vendo BMW. 318 i a√±o 2001 Se encuentra andando, con los papeles al d√≠a hasta 2025 y trabasferible, se le hizo mantenci√≥n completa. Tiene detalles por el a√±o, pero es de uso diario. *No se Permuta*",['al dia'],https://web.facebook.com/marketplace/item/3780721882164090/?ref=search&referral_code=null&referral_story_type=post&__tn__=!%3AD
1998 BMW series 5,1998,BMW,series 5,7500000,,automatic,250000,Santiago,"Vendo bmw 540i e39, sin detalles, al d√≠a, transferible a mi nombre, mantenciones al dia, a√±o 1998 motor 4.4 v8 con 286cv, neumaticos pirelli p zero, neumaticos 275/35 atras y 245/35 adelante, llantas aro 19, se entrega con juego de llantas originales tambi√©n aro 16 con sus respectivos neum√°ticos.",['al dia'],https://web.facebook.com/marketplace/item/431380852627595/?ref=search&referral_code=null&referral_story_type=post&__tn__=!%3AD
2012 BMW series 3,2012,BMW,series 3,9500000,,automatic,1000,Calera,"Excelente estado, sin detalles, con todas sus mantenciones al d√≠a. Sin partes ni multas, transferible. Permuto por camioneta.",['al dia'],https://web.facebook.com/marketplace/item/722991160018816/?ref=search&referral_code=null&referral_story_type=post&__tn__=!%3AD
2007 BMW 328xi,2007,BMW,328xi,9300000,,automatic,160000,Ovalle,Se vende o permuta por algo interesante auto impecable motor 3.0 aspirado sin ning√∫n detalle MUI lujoso el m√°s full solo vendo por renovaci√≥n sin apuro solo gente seria puedo dar a favor o recibir dependiendo,[],https://web.facebook.com/marketplace/item/3827418520823124/?ref=search&referral_code=null&referral_story_type=post&__tn__=!%3AD
1993 BMW series 5,1993,BMW,series 5,4500000,,automatic,240000,Calera de Tango,"Vendo por no uso, autom√≥vil BMW serie 530I,motor V8 3.0,a√±o 1993. Autom√≥vil muy bien cuidado. Su precio $4.500.000 . Lo vendo para termino construcci√≥n. El auto est√° a toda prueba. Solo reales interesados",[],https://web.facebook.com/marketplace/item/274721975672241/?ref=search&referral_code=null&referral_story_type=post&__tn__=!%3AD
2005 BMW series 5,2005,BMW,series 5,7500000,,automatic,185000,Las Condes,Interior impecable. Peque√±os detalles de pintura.,['detalles menores'],https://web.facebook.com/marketplace/item/275794652278997/?ref=search&referral_code=null&referral_story_type=post&__tn__=!%3AD
2012 BMW i3,2012,BMW,i3,7950000,,automatic,97000,La Florida,"Vendo o permuto x otro auto q me sirva para trabajar en aplicaciones,,auto en perfecto estado",[],https://web.facebook.com/marketplace/item/1145513020151004/?ref=search&referral_code=null&referral_story_type=post&__tn__=!%3AD
2010 BMW series 3,2010,BMW,series 3,7000000,,automatic,203000,Santiago,"Vendo BMW 325 Ia, motor y caja en perfecto estado, peque√±os extras visuales (espejos M, aleron cola de pato, rejillas M, intermitentes secuenciales), interior en muy buen estado. El auto esta con sellado ceramico, y se entrega con detailing de interior hecho. Precio poco conversable",['conversable'],https://web.facebook.com/marketplace/item/1754623525061268/?ref=search&referral_code=null&referral_story_type=post&__tn__=!%3AD
2008 BMW series 3,2008,BMW,series 3,8650000,,automatic,7000,Ch√©pica,Vendo Bmw 325i 2008 en excelente estado - Asientos de cuero - climatizador - a/c - velocidad crucero - sunroof ‚Ä¢ AL D√çA Y TRANSFERENCIA INMEDIATA SOLO VENTA!,['al dia'],https://web.facebook.com/marketplace/item/7308668452548333/?ref=search&referral_code=null&referral_story_type=post&__tn__=!%3AD
2009 BMW i3,2009,BMW,i3,8500000,,automatic,144000,Buin,"Hola el auto est√° semi nuevo no se uso casi nada , tiene todo al d√≠a , trasferible No tiene niun detalle est√° semi nuevo",['al dia'],https://web.facebook.com/marketplace/item/1396660447660189/?ref=search&referral_code=null&referral_story_type=post&__tn__=!%3AD
2008 BMW 316ia,2008,BMW,316ia,9280000,,automatic,140000,Vitacura,"BMW 316 AT, MUY BUEN ESTADO, 3 DUE√ëO, RESIVO OFERTA
WA.ME/[hidden information]",[],https://web.facebook.com/marketplace/item/863053818870015/?ref=search&referral_code=null&referral_story_type=post&__tn__=!%3AD
2010 BMW x3 xdrive 3.0 di√©sel impeke,2010,BMW,x3 xdrive 3.0 di√©sel impeke,8400000,,automatic,204000,Santiago,BMW X3 diesel versi√≥n 3.0 di√©sel Xdrive *Asientos de cuero impecables con regulaci√≥n el√©ctrica y memoria. *Sunroof operativo y funcionando a perfecci√≥n. *Neum√°ticos Goodyear Assurance con menos de 10 mil kms. *Incluye arrastre (no incluye brazo & coco) *Sin choques *Sin multas *Mantenimiento al d√≠a *Llegar y transferir,['al dia'],https://web.facebook.com/marketplace/item/1092118485371396/?ref=search&referral_code=null&referral_story_type=post&__tn__=!%3AD
1992 BMW m50b25,1992,BMW,m50b25,1200000,,automatic,200000,Valpara√≠so,Vendo motor m50b25 de bmw se saco por swp tengo videos del motor funcionando esta llegar y montar,[],https://web.facebook.com/marketplace/item/2473239882882867/?ref=search&referral_code=null&referral_story_type=post&__tn__=!%3AD
2009 BMW series 3,2009,BMW,series 3,8000000,,automatic,125000,Chimbarongo,"‚ùóÔ∏èSE VENDE O SE PERMUTA‚ùóÔ∏è BMW 318i 2009 2.0 Veh√≠culo de uso diario‚ùóÔ∏è Bien cuidado, con detalles de pintura‚ùóÔ∏è Neum√°ticos nuevos‚ùóÔ∏è Al dia y trabsferible‚ùóÔ∏è ‚ùóÔ∏èConsultas al DM‚ùóÔ∏è","['al dia', 'detalles menores']",https://web.facebook.com/marketplace/item/323347107416942/?ref=search&referral_code=null&referral_story_type=post&__tn__=!%3AD
2010 BMW x1,2010,BMW,x1,8200000,,automatic,113000,Lampa,"Full Equipo, Asientos De Cuero, Techo Panoramico, 113.000 km, Solo Detalles De Pintura Por El A√±o, Impecable",['detalles menores'],https://web.facebook.com/marketplace/item/766998238827743/?ref=search&referral_code=null&referral_story_type=post&__tn__=!%3AD
2011 BMW series 3,2011,BMW,series 3,9500000,,automatic,174000,Talagante,üí¢OFERTA IMPERDIBLEüëáüí¢ üí• BMW 320I A√ëO 2011üí• -SUNROOF -ASIENTOS ELECTRICOS -AIRE ACONDICIONADO -BUTACAS DE CUERO -FULL EQUIPO -PAPELES AL DIA -174MIL KIL√ìMETROS -TRANSFERIBLE -SIN PARTES NI MULTAS -SIN DETALLES PRECIO : $9.500.000 üí•EL PRECIO ES CONVERSABLEüí• ‚ûï5Ô∏è‚É£6Ô∏è‚É£9Ô∏è‚É£2Ô∏è‚É£6Ô∏è‚É£8Ô∏è‚É£8Ô∏è‚É£9Ô∏è‚É£3Ô∏è‚É£5Ô∏è‚É£0Ô∏è‚É£ ‚ûï5Ô∏è‚É£6Ô∏è‚É£9Ô∏è‚É£4Ô∏è‚É£4Ô∏è‚É£3Ô∏è‚É£3Ô∏è‚É£2Ô∏è‚É£0Ô∏è‚É£3Ô∏è‚É£4Ô∏è‚É£,"['conversable', 'al dia']",https://web.facebook.com/marketplace/item/444537451301265/?ref=search&referral_code=null&referral_story_type=post&__tn__=!%3AD
2012 BMW x1,2012,BMW,x1,9990000,,automatic,75000,San Miguel,"Al valor publicado solo hay que agregarle el costo de transferencia üöò

Somos automotora olx autosüöò",[],https://web.facebook.com/marketplace/item/1171747633846760/?ref=search&referral_code=null&referral_story_type=post&__tn__=!%3AD
2017 BMW 520d **permuto**,2017,BMW,520d **permuto**,9000000,,automatic,103000,Quill√≥n,"VENTA O PERMUTA bmw 520 diesel LCI chocado a√±o 2016 motor andando , interior de cuero ,llantas 18 , esta tal cual las fotos Documentos a mi nombre transferibles (con multas) con la nueva ley se cancela solo el 20% del total de las multas","['chocado', 'multas']",https://web.facebook.com/marketplace/item/1570330003781368/?ref=search&referral_code=null&referral_story_type=post&__tn__=!%3AD
2011 BMW series 3,2011,BMW,series 3,9500000,,automatic,201000,Melipilla,"Excelente auto, vendo por renovacion, precio conversable.",['conversable'],https://web.facebook.com/marketplace/item/1827497724382910/?ref=search&referral_code=null&referral_story_type=post&__tn__=!%3AD
2009 BMW x5,2009,BMW,x5,10000000,,automatic,270000,Santiago,No description,[],https://web.facebook.com/marketplace/item/7262055653888967/?ref=search&referral_code=null&referral_story_type=post&__tn__=!%3AD
2011 BMW 325ia,2011,BMW,325ia,9500000,,automatic,116000,Nancagua,"Bmw 325IA Full E. - A√±o 2011 Se Vende 9.500.000 (valor conversable reales interesados!), O Permuto por SUV de 6 - 7M aprox y saldo negociable! Veh√≠culo en muy buen estado y mantenciones al d√≠a, permiso de circulaci√≥n hasta 2025, modelo full, 6 Airbag, aire acondicionado, tracci√≥n trasera, Motor Aspirado 6 cilindros en l√≠nea con 218 CV 270 NM de torque, 2 llaves originales, asientos en cuero el√©ctricos, tapiz impecable, volante deportivo con Paddle shift (cambios al volante), velocidad crucero, 6 velocidades, velocidad m√°xima 250 k/h, 3 modos de conducci√≥n: eficiente, sport y manual, Pantalla Multimedia con asistente de Google GPS conectable a audio,incluyendo Android AppStore, techo con sunroof completamente funcional, llantas aro 17 con Neum√°ticos runflat 225/45/R17 al 75%, repuestos genuinos, 116.000 km. Se vende solo por cambio de segmento a SUV! Por tema familiar. Consulte!!! Valor conversable reales interesados! [hidden information].","['conversable', 'al dia', 'repuestos']",https://web.facebook.com/marketplace/item/419695397184462/?ref=search&referral_code=null&referral_story_type=post&__tn__=!%3AD
2012 BMW 316 i,2012,BMW,316 i,9980000,,automatic,170000,Rancagua,"BMW, Recibo veh√≠culo, valor de toma $ 9.500.000, cr√©ditos, BMW 316 motor 1.6, full equipo, sensores de retroceso, velocidad crucero, buen estado, recibo veh√≠culo, cr√©ditos, documentaci√≥n al d√≠a, Av Cachapoal 1235 Rancagua, [hidden information]",['al dia'],https://web.facebook.com/marketplace/item/2060760757632339/?ref=search&referral_code=null&referral_story_type=post&__tn__=!%3AD
2012 BMW series 3,2012,BMW,series 3,9790000,,automatic,127000,Santiago,"Mi BMW 325i 2012 245hp todo al 127mil km
Sin deudas
Sin prenda
Todo al. D√≠a pagado y Mantenciones",[],https://web.facebook.com/marketplace/item/772886731432142/?ref=search&referral_code=null&referral_story_type=post&__tn__=!%3AD
2011 BMW series 3,2011,BMW,series 3,9000000,,automatic,105000,Llay Llay,Se vende BMW 316i 1.6 autom√°tico a√±o 2011 con todo su documentaci√≥n al d√≠a y transferible fono:[hidden information],['al dia'],https://web.facebook.com/marketplace/item/966781621533070/?ref=search&referral_code=null&referral_story_type=post&__tn__=!%3AD
2018 BMW 320i sport lci,2018,BMW,320i sport lci,9500000,,automatic,88000,La Serena,"BMW 320i LCI 2.0 üá©üá™ VERSI√ìN: SPORT LCI VALOR: $20.990.000 PIE: $6.300.000 (30%) ‚òëÔ∏è88.000 KMS ‚òëÔ∏èTRANSMISIOM AUTOM√ÅTICA ‚òëÔ∏èMOTOR 2.0 ‚òëÔ∏èA√ëO 2018 ‚òëÔ∏èMODO DE MANEJO (SPORT, ECOPRO) ‚òëÔ∏èSENSORES DE RETROCESO ‚òëÔ∏èC√ÅMARA DE RETROCESO ‚òëÔ∏èSTAR STOP ‚òëÔ∏èMANTENCIONES AL D√çA ‚òëÔ∏èCLIMATIZADOR ‚òëÔ∏èSUNROOF ‚òëÔ∏èASIENTOS DE CUERO DATO: ESTE TIPO DE BMW 320i SPORT LCI ES MUY BUSCADO YA QUE HAY MUY POCOS DE ESTA VERSI√ìN üëèüèª CR√âDITO EXPRESS 40%: $8.400.000 üó£Ô∏èCR√âDITO EXPRESS SIN ACREDITAR RENTA PIE DESDE EL 40% DEL VALOR DEL VEH√çCULO CONDICI√ìN: ESTAR BANCARIZADO EN ALG√öN BANCO O TENER ALG√öN PATRIMONIO A SU NOMBRE üÜó GESTIONAMOS FINANCIAMIENTOS -FALABELLA -TANNER -AUTOFACIL -SANTANDER -UNIDAD -FORUM üÜóRECIBIMOS AUTOS EN PARTE DE PAGO üÜóVEHICULO CON GARANT√çA MOTOR/TREN DELANTERO/ TREN TRASERO üÜóGESTIONAMOS SEGURO AUTOMOTRIZ **M√úNCHEN AUTOMOTRIZ** üìçAV BALMACEDA 4601","['al dia', 'parte']",https://web.facebook.com/marketplace/item/927455562417778/?ref=search&referral_code=null&referral_story_type=post&__tn__=!%3AD
2013 BMW series 1,2013,BMW,series 1,9990000,,automatic,135000,La Florida,"Veh√≠culo en muy buenas condiciones
Transferible y al d√≠a
NO SE PERMUTA!",['al dia'],https://web.facebook.com/marketplace/item/943793760722743/?ref=search&referral_code=null&referral_story_type=post&__tn__=!%3AD
2011 BMW x1,2011,BMW,x1,9900000,,automatic,150000,Rancagua,"BMW x1 , a√±o 2011 , bot√≥n de encendido, 150.000 kil√≥metros, caja autom√°tica , totalmente al d√≠a, transferencia inmediata, hablar solo reales interesados",['al dia'],https://web.facebook.com/marketplace/item/737929401474062/?ref=search&referral_code=null&referral_story_type=post&__tn__=!%3AD
2023 BMW series 2,2023,BMW,series 2,4000000,,automatic,20000,Renca,"Disponible para desarme BMW 220 1 coupe motor y caja en buen estado, frontal capot y airbag en mal estado todo lo dem√°s en buen estado",['desarme'],https://web.facebook.com/marketplace/item/777893400579986/?ref=search&referral_code=null&referral_story_type=post&__tn__=!%3AD
2018 BMW 318i sport,2018,BMW,318i sport,6800000,,automatic,82000,La Serena,"BMW 318l AT, SPORT LINE. 2018. ‚ùåValor $16.990.000. ‚úÖ82.000.-km. ‚úÖMotor 1500CC. 17.5 km/Itr. (combinado). ‚úÖbencina TURBO 3 cilindros con 136 HP. ‚úÖAceleraci√≥n de 0 a 100. 8.4 seg. ‚úÖTransmisi√≥n AUTOMATICA. ‚úÖVelocidad crucero. ‚úÖTFT de 6,5"", de alta resoluci√≥n. ‚úÖRadio Car Play, conexi√≥n inal√°mbrica. ‚úÖBluetooth. ‚úÖC√°mara de retroceso. ‚úÖSensores de retroceso. ‚úÖSistema start/stop. ‚úÖSistema de sonido9 BMW 6 parlantes (100 wat de potencia). ‚úÖSistema de navegaci√≥n y control por voz. (hey BMW). ‚úÖIluminaci√≥n ambiental de 6 colores. ‚úÖControlador DYNAMIC SELECT (3 programas de conducci√≥n). ‚úÖFaros LED High Performance. ‚úÖClimatizador. ‚úÖFunci√≥n de secado de frenos ‚úÖ8 air bag. ‚úÖFrenos ABS + EBD. ‚úÖ2 ISOFIX. ‚úÖNeblineros led. ‚úÖLlantas 18"" üëâFinanciable desde $5,500,000 üëâPie para NO acreditar renta (40%)$6,800,000 ‚òëÔ∏è Se reciben veh√≠culos y motocicletas en parte de pago desde a√±o 2014 ‚òëÔ∏è Gestionamos financiamiento (Santander, UnidadAutomotriz, Falabella, Autofidem, Autofin)",['parte'],https://web.facebook.com/marketplace/item/1424521464853196/?ref=search&referral_code=null&referral_story_type=post&__tn__=!%3AD
2001 BMW e46 318i,2001,BMW,e46 318i,3300000,,automatic,280000,Antuco,"BMW E46 al d√≠a y transferible con sus permisos pagados velocidad crucero, autom√°tico, 1.9 para mas detalles hablar interno reales interesados.",['al dia'],https://web.facebook.com/marketplace/item/663993709112614/?ref=search&referral_code=null&referral_story_type=post&__tn__=!%3AD
2002 BMW series 3,2002,BMW,series 3,6500000,,automatic,167000,La Florida,"En perfecto estado, asientos de cuero, full equipo, cierre centralizado, radio con Bluetooth. Detalles. Sunroof no abre. Documentos al d√≠a hasta el 31 de marzo 2024. Valor conversable. Hablar reales interesados.","['conversable', 'al dia']",https://web.facebook.com/marketplace/item/1099815781262565/?ref=search&referral_code=null&referral_story_type=post&__tn__=!%3AD
2006 BMW series 3,2006,BMW,series 3,5800000,,automatic,180000,Santiago,Bmw 320IA Full asientos de cuero A√±o 2006 Buen estado Algunos detalles por el a√±o nada grave Al d√≠a Llegar y transferir Precio $5.800.000,['al dia'],https://web.facebook.com/marketplace/item/1110810803494343/?ref=search&referral_code=null&referral_story_type=post&__tn__=!%3AD
2005 BMW series 3,2005,BMW,series 3,6100000,,automatic,240000,Talca,"BMW 320i 2.0 
Venta o alguna permuta 
Detalles al dm",[],https://web.facebook.com/marketplace/item/1832389077226582/?ref=search&referral_code=null&referral_story_type=post&__tn__=!%3AD
2001 BMW mercedes benz c - 240 class,2001,BMW,mercedes benz c - 240 class,6000000,,automatic,200000,Santiago,"Documentacion al dia
Transferible
Sin multas ni parte","['al dia', 'parte']",https://web.facebook.com/marketplace/item/1324421898231141/?ref=search&referral_code=null&referral_story_type=post&__tn__=!%3AD
2013 BMW x3,2013,BMW,x3,1000000,,automatic,100000,Santiago,EN DESARME ! UBICADOS EN AV 10 DE JULIO 1064 LOS MEJORES REPUESTOS PARA ALTA GAMA ESCRIBEME O LLAMAME [hidden information],"['desarme', 'repuestos']",https://web.facebook.com/marketplace/item/428104796323559/?ref=search&referral_code=null&referral_story_type=post&__tn__=!%3AD
2014 BMW c 650 gt,2014,BMW,c 650 gt,4900000,,automatic,20000,La Florida,"Scooter BMW en excelente estado, a√±o 2014, 650 cc, uso ocasional para paseos durante fines de semana, muy bien mantenida, neum√°ticos nuevos (menos de 200 km de uso), incluye caja porta equipaje original BMW (precio referencia $500.000), precio relativamente conversable, no se permuta.",['conversable'],https://web.facebook.com/marketplace/item/738508625056358/?ref=search&referral_code=null&referral_story_type=post&__tn__=!%3AD
2001 BMW mercedes benz 320 aut excelente estado!!!,2001,BMW,mercedes benz 320 aut excelente estado!!!,7200000,,automatic,209000,San Miguel,"Se vende Mercedes benz 320 AUT, en muy buen estado de conservaci√≥n, todo funcionando. Mantenci√≥n realizada hace poco en Kaufmann. Papeles al d√≠a",['al dia'],https://web.facebook.com/marketplace/item/3224819221161056/?ref=search&referral_code=null&referral_story_type=post&__tn__=!%3AD
2003 BMW 525i e39,2003,BMW,525i e39,5000000,,automatic,213000,Chanco,"Se vende por cambio a camioneta de trabajo, cambio de aceite hecho hace poco, toda prueba",[],https://web.facebook.com/marketplace/item/1740125339815876/?ref=search&referral_code=null&referral_story_type=post&__tn__=!%3AD
2004 BMW 320 ia 2.2,2004,BMW,320 ia 2.2,6850000,,automatic,235000,Santiago,Bmw 320 ia 2.2 2004 ‚Ä¢ Precio: 6.850.000 ‚Ä¢ A√±o: 2004 ‚Ä¢ Combustible: Bencina ‚Ä¢ Transmisi√≥n: Autom√°tico ‚Ä¢ Kilometraje: 235.000KM ‚Ä¢ Mantenciones al dia ‚Ä¢ Aire acondicionado ‚Ä¢ Asientos de cuero ‚Ä¢ 2 copias de llave ‚Ä¢ Cierre centralizado ‚Ä¢ Airbag ‚Ä¢ pantalla ‚Ä¢ sunroof,['al dia'],https://web.facebook.com/marketplace/item/1437881583476048/?ref=search&referral_code=null&referral_story_type=post&__tn__=!%3AD
2007 BMW series 3,2007,BMW,series 3,6200000,,automatic,180000,Mostazal,Vendo BMW 318i solo por apuro econ√≥mico est√° en buenas condici√≥n sus papeles al d√≠a valor conservable,['al dia'],https://web.facebook.com/marketplace/item/1375450899794076/?ref=search&referral_code=null&referral_story_type=post&__tn__=!%3AD
2008 BMW 525ia,2008,BMW,525ia,8450000,,automatic,264000,Cerrillos,Bmw 525 IA A√±o 2008 Motor 2.5cc Automatico. Bencinero 264.000km Mantencion al dia Airbags Llantas Alamar y cierre centralizado. Vidrios y espejos electricos. Sensores de retroceso malos. Encendido electronico. Asientos de cuero Aire acondicionado con climatizador bizona. Techo electrico de vidrio. Permiso de circulacion Marzo 2025 Revision Tecnica y Gases Julio 2024. SOAP Marzo 2025. Valor $8.450.000 (transferencia incluida) Puedes verlo y probarlo en americo vespucio sur 2500 cerrillos. Consultas [hidden information],['al dia'],https://web.facebook.com/marketplace/item/718356703785362/?ref=search&referral_code=null&referral_story_type=post&__tn__=!%3AD
2005 BMW e 420 i,2005,BMW,e 420 i,5500000,,automatic,100000,Chill√°n,Muy buen estado papeles al d√≠a transferible a mi nombre Detalles pocos por el a√±o Se vende por no uso recibo ofertas [hidden information],['al dia'],https://web.facebook.com/marketplace/item/757436769694604/?ref=search&referral_code=null&referral_story_type=post&__tn__=!%3AD
2012 BMW a-drive 18i cb,2012,BMW,a-drive 18i cb,9900000,,automatic,75000,Cerrillos,"Excelente estado, recibimos tu auto en parte de pago",['parte'],https://web.facebook.com/marketplace/item/1137562164258962/?ref=search&referral_code=null&referral_story_type=post&__tn__=!%3AD
2007 BMW 330  cuero excelente estado,2007,BMW,330 cuero excelente estado,7380000,,automatic,120000,Santiago,Excelente  estado 330i [hidden information],[],https://web.facebook.com/marketplace/item/1507707139776147/?ref=search&referral_code=null&referral_story_type=post&__tn__=!%3AD
2012 BMW series 3,2012,BMW,series 3,9500000,,automatic,1000,Calera,"BMW 325i excelente estado, con todas sus mantenciones al d√≠a, sin detalles. Full aire acondicionado Sin partes ni multas, transferible Conversable‚Ä¶ Se permuta por camioneta","['conversable', 'al dia']",https://web.facebook.com/marketplace/item/687964303323893/?ref=search&referral_code=null&referral_story_type=post&__tn__=!%3AD
2009 BMW series 3,2009,BMW,series 3,8500000,,automatic,82000,Ovalle,"Veh√≠culo en perfectas condiciones km reales, valor conversable.",['conversable'],https://web.facebook.com/marketplace/item/370936259232367/?ref=search&referral_code=null&referral_story_type=post&__tn__=!%3AD
2005 BMW 525 e60,2005,BMW,525 e60,8500000,,automatic,230000,Los Andes,Vendo o permuto nada en mente Bmw 525i e60 Llantas 18 Interior de cuero Bluetooth parrot C√°mara de retroceso Luces led Polarizado americano L√°minas de seguridad Sunroof Andando a toda prueba Transferible y sus papeles al d√≠a Apertura de maletero a distancia Alarma y cierre centralizado,['al dia'],https://web.facebook.com/marketplace/item/1017984583030270/?ref=search&referral_code=null&referral_story_type=post&__tn__=!%3AD
2010 BMW series 5,2010,BMW,series 5,9400000,,automatic,157000,Requ√≠noa,"Auto de uso diario, excelente estado, tratado con extremo cuidado . Full, climatizador bi zona, asientos electr√≥nicos con memoria, apoya cabezas el√©ctricos ,caja y motor en excelente estado, mantenciones al d√≠a. Rinde 11,5 km por litro. 272 hp , todo original, radio Harman Kardon , espectacular sonido, solo 157.000 km , papeles al d√≠a , computador a bordo . SOLO VENTA.",['al dia'],https://web.facebook.com/marketplace/item/1153801375983423/?ref=search&referral_code=null&referral_story_type=post&__tn__=!%3AD
2007 BMW 330 ia,2007,BMW,330 ia,8500000,,automatic,118000,Concepci√≥n,"Vendo Auto por traslado al extranjero Es un auto incre√≠ble Soy la 4ta due√±a, (me lo vendi√≥ un muy amigo, √©l conoc√≠a a los otros dos) Tiene hartos detalles de pintura (la original) No est√° chocado, el metal impecable Mec√°nicamente impecable Dos llaves No negocio el precio, üôè s√≥lo interesados al valor del anuncio Podr√≠a permutar s√≥lo por un subaru Forester/Outback autom√°tico, NO por otro.","['detalles menores', 'chocado']",https://web.facebook.com/marketplace/item/775816314516295/?ref=search&referral_code=null&referral_story_type=post&__tn__=!%3AD
1999 BMW 523 ia,1999,BMW,523 ia,8500000,,automatic,189000,Quilpu√©,Se vende por poco uso esta impecable a toda prueba como nuevo,[],https://web.facebook.com/marketplace/item/337736109252834/?ref=search&referral_code=null&referral_story_type=post&__tn__=!%3AD
2006 BMW series 3,2006,BMW,series 3,8550000,,automatic,9000,Talca,"BMW 325i top l√≠nea Asientos de cuero Control de estabilidad Sensor de presi√≥n en las 4 ruedas Tracci√≥n trasera Escotilla Aire acondicionado Uso diario al d√≠a hasta 2025 Lip traseros y a los costados Motor 3.0 Espejos el√©ctricos Pastillas traseras y delanteras nuevas Pintura en buenas condiciones Todo funcionando A toda prueba conversable,se puede recibir veh√≠culo en parte de pago","['conversable', 'al dia', 'parte']",https://web.facebook.com/marketplace/item/1928695624215907/?ref=search&referral_code=null&referral_story_type=post&__tn__=!%3AD
2012 BMW series 3,2012,BMW,series 3,7950000,,automatic,174000,La Cisterna,"*Real oportunidad , mejor precio de mercado , por termino de giro* OFERTA SOLO CONTADO Bmw 318i Motor 2.0cc Caja autom√°tica Full cuero Mandos al volante Full equipo 2 due√±os. Mantenciones en consecionario Dumay.",[],https://web.facebook.com/marketplace/item/374245792113207/?ref=search&referral_code=null&referral_story_type=post&__tn__=!%3AD
2010 BMW series 5,2010,BMW,series 5,7990000,,automatic,212000,Puente Alto,Full equipo Sensor delantero y trasero Llantas Aire acondicionado Alzavidrios Centralizado Todo al d√≠a Estamos ubicado üìç avenida Camilo Henr√≠quez 1526 puente alto De lunes a s√°bado de 10 a 19hrs,['al dia'],https://web.facebook.com/marketplace/item/383234431316671/?ref=search&referral_code=null&referral_story_type=post&__tn__=!%3AD
2014 BMW c650 gt,2014,BMW,c650 gt,4900000,,automatic,24000,Santiago,"BMW C650 GT en buen estado general, todos sus accesorios 100% funcionales, documentaci√≥n al d√≠a, mantenciones al d√≠a en taller multimarca especializado, cuarto due√±o. -Parabrisas el√©ctrico regulable en altura -Asiento piloto y co-piloto calefaccionados -Calienta pu√±os -Frenos ABS -Sensor de presi√≥n en neum√°ticos -Guantera y topcase con cierre desde la misma llave -Excelente espacio bajo asiento Aceptamos veh√≠culos en parte pago y uso de tarjetas. B√∫scanos en Instagram: autostorecl","['al dia', 'parte']",https://web.facebook.com/marketplace/item/428753466283418/?ref=search&referral_code=null&referral_story_type=post&__tn__=!%3AD
2011 BMW series 3,2011,BMW,series 3,4900000,,automatic,194000,Chill√°n,Se vende BMW 318i - caja autom√°tica de 6 velocidades - modo sport y manual - pastillas delanteras reci√©n cambiadas - neum√°ticos casi nuevos - Bluetooth para llamadas - controles al volante - climatizador bizona - revisi√≥n t√©cnica reci√©n sacada Cualquier consulta por interno o al 9Ô∏è‚É£8Ô∏è‚É£1Ô∏è‚É£6Ô∏è‚É£3Ô∏è‚É£5Ô∏è‚É£6Ô∏è‚É£8Ô∏è‚É£,[],https://web.facebook.com/marketplace/item/923739395966181/?ref=search&referral_code=null&referral_story_type=post&__tn__=!%3AD
2011 BMW 528 i,2011,BMW,528 i,8800000,,automatic,194000,Santiago,No description,[],https://web.facebook.com/marketplace/item/1389805318362461/?ref=search&referral_code=null&referral_story_type=post&__tn__=!%3AD
2007 BMW series 5,2007,BMW,series 5,8500000,,automatic,173000,Vitacura,BMW 550I üá©üá™ V8/4.8/367hp AT Steptronic 6 velocidades. √önico due√±o. Mantenciones/ Un solo due√±oüî• A√±o 2007. 173.000 km!! ‚úîClimatizador Bi Zona ‚úî6 AirBag's ‚úîDiscos ventilados. ‚úîMandos multifunci√≥n en volante. ‚úîBrake asisst ABS/DSC/CBS/ASC. ‚úîVolante cuero deportivo. ‚úîTapiz Cuero Dakota. ‚úîAsientos electricos con memoria. ‚úîComputador a bordo. ‚úîSunRoof. Precio $ 9.300.000 üöò Tomamos tu auto. üí∞ Gesti√≥n cr√©ditos. üí≥ Pago con tarjetas. üóì Visitas Lunes a S√°bado. ‚òéÔ∏è [hidden information],[],https://web.facebook.com/marketplace/item/931662621923490/?ref=search&referral_code=null&referral_story_type=post&__tn__=!%3AD
2010 BMW series 5,2010,BMW,series 5,8000000,,automatic,136000,Talca,"Bmw 525i e60 2010, 136.000 km con todas sus mantenciones hechas. 2.5 6 en l√≠nea. Full equipamiento, sunroof, luces altas autom√°ticas, limpiaparabrisas autom√°ticos, asientos de cuero el√©ctricos con memoria, climatizador de 2 zonas, sensores de estacionamiento delanteros y traseros, neblineros delanteros y traseros, audio de alta fidelidad, etc. Bien conservado, detalles est√©ticos menores (no tiene choques) Talca.","['detalles menores', 'choques']",https://web.facebook.com/marketplace/item/1132268701468150/?ref=search&referral_code=null&referral_story_type=post&__tn__=!%3AD
2008 BMW b200 turbo,2008,BMW,b200 turbo,8500000,,automatic,179000,Santiago,"Hola liquido mi Mercedes Benz
solo por espacio, algo conversable, se aceptan ofertas concretas",['conversable'],https://web.facebook.com/marketplace/item/3745214195798338/?ref=search&referral_code=null&referral_story_type=post&__tn__=!%3AD
2016 BMW deportivo,2016,BMW,deportivo,9800000,,automatic,160000,Melipilla,Se vende bmw i120 deportivo detalles est√©ticos acepto ofertas detalles de luz de foco m√°s informaci√≥n al dm,['detalles menores'],https://web.facebook.com/marketplace/item/7511351532258174/?ref=search&referral_code=null&referral_story_type=post&__tn__=!%3AD
2012 BMW series 5,2012,BMW,series 5,8490000,,automatic,156000,Puente Alto,"Vendo bmw 523i a√±o 2012 156300 km Soy el tercer due√±o Documentaci√≥n al d√≠a A/C operativo Veh√≠culo muy elegante, trae varios chiches como puertas y maleta el√©ctrica Full led",['al dia'],https://web.facebook.com/marketplace/item/1086042922538373/?ref=search&referral_code=null&referral_story_type=post&__tn__=!%3AD
2012 BMW series 3,2012,BMW,series 3,7990000,,automatic,138000,La Granja,"üöòüèé///EN SGR AUTOS///üöóüèéüõª üèéCOMPRA,VENDE O RENUEVA TU AUTO. CR√âDITOS,OFERTAS Y M√ÅSüèé Cotiza tu auto con cr√©dito o al contado. Deja tu veh√≠culo en parte de pago. Contamos con 6 financieras. Cr√©ditos para : trabajadores dependientes e independientes. H√°blame para evaluar Emerson ya√±ez SGR AUTOS [hidden information]",['parte'],https://web.facebook.com/marketplace/item/285488944523320/?ref=search&referral_code=null&referral_story_type=post&__tn__=!%3AD
1990 BMW series 5,1990,BMW,series 5,7600000,,automatic,20000,Quillota,Vendo bmw 525i full asientos de cuero velocidad crucero alza vidrios el√©ctricos le funciona todo un cl√°sico no Tranferible atrasado,['atrasado'],https://web.facebook.com/marketplace/item/1121397465657961/?ref=search&referral_code=null&referral_story_type=post&__tn__=!%3AD
2009 BMW series 3,2009,BMW,series 3,10000000,,automatic,130000,Mulch√©n,"VENDO bmw 320i 2009, e90, Impecable, 130000 km, autom√°tico caja triptonic, cuero, sunroof. Reci√©n se cambi√≥ polea tensor, tensor, axiales terminales bieletas y amortiguadores delantero, full mantenimiento al tren delantero. Neumaticos nuevos. Ac reci√©n cargado. Corta corriente incorporado. Acepto ofertas. Revisi√≥n t√©cnica hasta noviembre 2024 Consultas o m√°s fotos al inbox. Cel [hidden information]",[],https://web.facebook.com/marketplace/item/805461021438282/?ref=search&referral_code=null&referral_story_type=post&__tn__=!%3AD
1996 BMW 740 e38,1996,BMW,740 e38,7500000,,automatic,230000,Llay Llay,"Vendo mi joya por cambio de proyecto. el precio no es conversable. En perfecto estado, de uso diario. Es el top de l√≠nea de la marca. asientos el√©ctricos con 3 memorias. volante, cabecera y espejos tambi√©n electrico.",['conversable'],https://web.facebook.com/marketplace/item/1123881635462312/?ref=search&referral_code=null&referral_story_type=post&__tn__=!%3AD
2010 BMW series 3,2010,BMW,series 3,8590000,,automatic,1000,Puente Alto,"Se vende bmw 318 i a√±o 2010
Papeles al d√≠a.
Acepto ofertas.",['al dia'],https://web.facebook.com/marketplace/item/3535428790007127/?ref=search&referral_code=null&referral_story_type=post&__tn__=!%3AD
2012 BMW 316 e90,2012,BMW,316 e90,8980000,,automatic,144000,Vitacura,"COLOR: GRAFITO Copia de llave, versi√≥n E90, motor 1.600 CC con 125 HP, caja de cambios autom√°tica Steptronic seis velocidades, volante multifuncional con velocidad crucero, computador a bordo, climatizadores delanteros independientes, control de estabilidad, molduras de madera. Financiamiento, auto en parte de pago, aceptamos tarjetas.",['parte'],https://web.facebook.com/marketplace/item/424938999994360/?ref=search&referral_code=null&referral_story_type=post&__tn__=!%3AD
2009 BMW 318i a fl 2.0,2009,BMW,318i a fl 2.0,9500000,,automatic,194000,Santiago,Solo algunos detalles,[],https://web.facebook.com/marketplace/item/940234120875906/?ref=search&referral_code=null&referral_story_type=post&__tn__=!%3AD
2010 BMW x1,2010,BMW,x1,7990000,,automatic,90000,Las Condes,"Se encuentra con todos los papeles al d√≠a y manutenciones al d√≠a, se vende por cambio de veh√≠culo. Precio conversable","['conversable', 'al dia']",https://web.facebook.com/marketplace/item/1384493502951646/?ref=search&referral_code=null&referral_story_type=post&__tn__=!%3AD
2014 BMW 316 i,2014,BMW,316 i,6880000,,automatic,265000,Concepci√≥n,"Auto BMW 316i a√±o 2014, full equipo, 265.000 kms , autom√°tico, motor 1,6, patentes 2024 pagada full, p√°pales al dia, neum√°ticos Runflat, dos llaves, luces de conducci√≥n Led, es un modelo luxury. Impecable‚Ä¶ valor conversable.","['conversable', 'al dia']",https://web.facebook.com/marketplace/item/1642136819934715/?ref=search&referral_code=null&referral_story_type=post&__tn__=!%3AD
2008 BMW 525i e60,2008,BMW,525i e60,9900000,,automatic,185000,Tom√©,"Neumaticos nuevo, todo funcionando blanco",[],https://web.facebook.com/marketplace/item/7383099468476850/?ref=search&referral_code=null&referral_story_type=post&__tn__=!%3AD
2019 BMW siniestrado apuro todo chile,2019,BMW,siniestrado apuro todo chile,6800000,,automatic,100000,Santiago,"Autos chocados volcados siniestrados llamar 
‚ûï5Ô∏è‚É£6Ô∏è‚É£9Ô∏è‚É£9Ô∏è‚É£6Ô∏è‚É£4Ô∏è‚É£8Ô∏è‚É£5Ô∏è‚É£4Ô∏è‚É£9Ô∏è‚É£5Ô∏è‚É£",[],https://web.facebook.com/marketplace/item/670901498397836/?ref=search&referral_code=null&referral_story_type=post&__tn__=!%3AD
2018 BMW series 3,2018,BMW,series 3,4500000,,automatic,82000,La Serena,"BMW 318l AT, SPORT LINE. 2018. ‚ùåValor $16.990.000. ‚úÖ82.000.-km. ‚úÖMotor 1500CC. 17.5 km/Itr. (combinado). ‚úÖbencina TURBO 3 cilindros con 136 HP. ‚úÖAceleraci√≥n de 0 a 100. 8.4 seg. ‚úÖTransmisi√≥n AUTOMATICA. ‚úÖVelocidad crucero. ‚úÖTFT de 6,5"", de alta resoluci√≥n. ‚úÖRadio Car Play, conexi√≥n inal√°mbrica. ‚úÖBluetooth. ‚úÖC√°mara de retroceso. ‚úÖSensores de retroceso. ‚úÖSistema start/stop. ‚úÖSistema de sonido9 BMW 6 parlantes (100 wat de potencia). ‚úÖSistema de navegaci√≥n y control por voz. (hey BMW). ‚úÖIluminaci√≥n ambiental de 6 colores. ‚úÖControlador DYNAMIC SELECT (3 programas de conducci√≥n). ‚úÖFaros LED High Performance. ‚úÖClimatizador. ‚úÖFunci√≥n de secado de frenos ‚úÖ8 air bag. ‚úÖFrenos ABS + EBD. ‚úÖ2 ISOFIX. ‚úÖNeblineros led. ‚úÖLlantas 18"" üëâFinanciable desde $5,500,000 üëâPie para NO acreditar renta (40%)$6,800,000 ‚òëÔ∏è Se reciben veh√≠culos y motocicletas en parte de pago desde a√±o 2014 ‚òëÔ∏è Gestionamos financiamiento (Santander, UnidadAutomotriz, Falabella, Autofidem, Autofin)",['parte'],https://web.facebook.com/marketplace/item/1418383338814563/?ref=search&referral_code=null&referral_story_type=post&__tn__=!%3AD
2002 BMW 330xi,2002,BMW,330xi,6600000,,automatic,196000,Hualp√©n,Detalle caja necesita cambiar Bmw 330xi integral Interior impecable y motor tambi√©n solo detalle en caja Conversable Permuto por Yaris o corolla,['conversable'],https://web.facebook.com/marketplace/item/917845389744431/?ref=search&referral_code=null&referral_story_type=post&__tn__=!%3AD
2017 BMW series 1,2017,BMW,series 1,9570000,,automatic,65000,La Serena,"BMW 118i 2017 üá©üá™ VERSI√ìN: 1.5 T ‚òëÔ∏èA√ëO 2017 ‚òëÔ∏è65.000 KM ‚òëÔ∏èMOTOR 1.5T ‚òëÔ∏èTRANSMISI√ìN AUTOM√ÅTICA ‚òëÔ∏èBENCINERO ‚òëÔ∏èC√ÅMARA DE RETROCESO ‚òëÔ∏èCLIMATIZADOR ‚òëÔ∏èBOT√ìN DE ENCENDIDO üîòPRECIO: 16.490.000 üîòPIE 30%: 5.000.000 üó£Ô∏èCR√âDITO EXPRESS SIN ACREDITAR RENTA PIE DESDE EL 40% DEL VALOR DEL VEH√çCULO (6.600.000) CONDICI√ìN: ESTAR BANCARIZADO EN ALG√öN BANCO üÜó GESTIONAMOS FINANCIAMIENTOS -FALABELLA -TANNER -AUTOFACIL -SANTANDER -UNIDAD -FORUM üÜóRECIBIMOS AUTOS EN PARTE DE PAGO üÜóVEHICULO CON GARANT√çA MOTOR/TREN DELANTERO/ TREN TRASERO üÜóGESTIONAMOS SEGURO AUTOMOTRIZ DISPONIBLE PARA ‚û°Ô∏èASESORARTE EN TU PR√ìXIMA COMPRA ‚û°Ô∏èAYUDARTE A ENCONTRAR TU VEH√çCULO IDEAL Y LA TASA M√ÅS BARATA DEL MERCADO **M√úNCHEN AUTOMOTRIZ** üìçAV BALMACEDA 4601, LA SERENAüìç",['parte'],https://web.facebook.com/marketplace/item/643640367888159/?ref=search&referral_code=null&referral_story_type=post&__tn__=!%3AD
2012 BMW series 3,2012,BMW,series 3,4200000,,automatic,138000,Santiago,Marca: BMW Modelo: 320i Motor: 2.0 A√±o: 2012 Autom√°tico Full equipo Climatizador Bluetooth Control crucero Radio comandos al volante Pantalla touch C√°mara de retroceso Asientos de cuero Neum√°ticos nuevos Runflat Muy buen estado $9.570.000 Recibimos tu auto en parte de pago Excelentes opciones de financiamiento WhatsApp 5Ô∏è‚É£6Ô∏è‚É£9Ô∏è‚É£4Ô∏è‚É£8Ô∏è‚É£9Ô∏è‚É£0Ô∏è‚É£1Ô∏è‚É£9Ô∏è‚É£0Ô∏è‚É£6Ô∏è‚É£,['parte'],https://web.facebook.com/marketplace/item/1577771332762909/?ref=search&referral_code=null&referral_story_type=post&__tn__=!%3AD
2012 BMW series 5,2012,BMW,series 5,4800000,,automatic,125000,Hualp√©n,Vendo o permuto andando impecable,[],https://web.facebook.com/marketplace/item/7463179670408723/?ref=search&referral_code=null&referral_story_type=post&__tn__=!%3AD
2009 BMW series 3,2009,BMW,series 3,4200000,,automatic,163000,Cauquenes,"Se vende o se permuta, acept√≥ ofertas dependiendo se puede dar m√°s a favor.( Ideal por camioneta) BMW 318i 2009 motor 2.0 163 mil kil√≥metros, en buen estado solo detalles por el a√±o nada grave. N¬∞ [hidden information].",[],https://web.facebook.com/marketplace/item/428144993089396/?ref=search&referral_code=null&referral_story_type=post&__tn__=!%3AD
2006 BMW series 5,2006,BMW,series 5,9900000,,automatic,178000,Cabrero,"Vendo por renovaci√≥n bmw 525i 2006 
178xxx km
Top de line",[],https://web.facebook.com/marketplace/item/3776425236013631/?ref=search&referral_code=null&referral_story_type=post&__tn__=!%3AD
2007 BMW series 3,2007,BMW,series 3,4000000,,automatic,11000,Linares,Por gente poco seria vuelvo a publicar mi plomillo es un BMW 320i a√±o 2007 cuidado mani√°tico tiene leves detalles de pintura que a simple vista no se ven pero est√° sanito mas detalles por interno‚Ä¶.,['detalles menores'],https://web.facebook.com/marketplace/item/1034547904313933/?ref=search&referral_code=null&referral_story_type=post&__tn__=!%3AD
2007 BMW series 3,2007,BMW,series 3,9990000,,automatic,180000,Ca√±ete,Veh√≠culo esta atrasado en agosto de este a√±o cuple 2 a√±os de atraso el veh√≠culo tiene un sonido est√° andando pero hay que cambiarle la cadena de distribucion que esta suelta por eso suena . Esta a mi nombre a si que se puede transferir cualquier consulta dejare 2 n√∫mero [hidden information]ese n√∫mero solo para wssp en caso que quieran llamar seria este [hidden information],['atrasado'],https://web.facebook.com/marketplace/item/1055312225769513/?ref=search&referral_code=null&referral_story_type=post&__tn__=!%3AD
2012 BMW 325i aut excelente estado,2012,BMW,325i aut excelente estado,8980000,,automatic,112000,Concepci√≥n,"BMW 325l AUT ANÃÉO 2012 KMS 116.000 PRECIO LISTA $9.990.000 üîòRECIBIMOS VEHIÃÅCULOS EN PARTE PAGO. üîòSEGURO AUTOMOTRIZ. BluMotorsChile AVENIDA PAICAVI 2247, CONCEPCIOÃÅN",['parte'],https://web.facebook.com/marketplace/item/297133733403601/?ref=search&referral_code=null&referral_story_type=post&__tn__=!%3AD
2008 BMW series 1,2008,BMW,series 1,5800000,,automatic,187000,Talca,"Vendo bmw 120d a√±o 2008 documentaci√≥n al d√≠a caja autom√°tica 6 velocidades directa, sport, manual. Neumaticos nuevos 2.0cc Aire acondicionado bi zona Nunero de contacto [hidden information]",['al dia'],https://web.facebook.com/marketplace/item/1441203330103739/?ref=search&referral_code=null&referral_story_type=post&__tn__=!%3AD
2007 BMW i120 serie1,2007,BMW,i120 serie1,8500000,,automatic,290000,San Pedro de La Paz,"Bmw i120 2007
Funcionando al 100
Uso diario",[],https://web.facebook.com/marketplace/item/291369137149141/?ref=search&referral_code=null&referral_story_type=post&__tn__=!%3AD
2014 BMW x5,2014,BMW,x5,1111111,,automatic,132000,La Serena,"BMW X5 2014 üá©üá™ VERSI√ìN: XDRIVE30D ‚òëÔ∏èA√ëO 2014 ‚òëÔ∏è132.000 KM ‚òëÔ∏èMOTOR 3.0 ‚òëÔ∏èTRANSMISI√ìN AUTOM√ÅTICA ‚òëÔ∏èDI√âSEL ‚òëÔ∏èC√ÅMARA DE RETROCESO ‚òëÔ∏èCLIMATIZADOR ‚òëÔ∏èAIRE ACONDICIONADO ‚òëÔ∏è3 MODOS DE MANEJO ‚òëÔ∏èASIENTOS EL√âCTRICOS ‚òëÔ∏èSUNROOF Y TECHO PANOR√ÅMICO üîòPRECIO: 24.490.000 üîòPIE 30%: 7.400.000 üó£Ô∏èCR√âDITO EXPRESS SIN ACREDITAR RENTA PIE DESDE EL 40% DEL VALOR DEL VEH√çCULO (9.800.000) CONDICI√ìN: ESTAR BANCARIZADO EN ALG√öN BANCO üÜó GESTIONAMOS FINANCIAMIENTOS -FALABELLA -TANNER -AUTOFACIL -SANTANDER -UNIDAD -FORUM üÜóRECIBIMOS AUTOS EN PARTE DE PAGO üÜóVEHICULO CON GARANT√çA MOTOR/TREN DELANTERO/ TREN TRASERO üÜóGESTIONAMOS SEGURO AUTOMOTRIZ DISPONIBLE PARA ‚û°Ô∏èASESORARTE EN TU PR√ìXIMA COMPRA ‚û°Ô∏èAYUDARTE A ENCONTRAR TU VEH√çCULO IDEAL Y LA TASA M√ÅS BARATA DEL MERCADO **M√úNCHEN AUTOMOTRIZ** üìçAV BALMACEDA 4601, LA SERENAüìç",['parte'],https://web.facebook.com/marketplace/item/381714891324535/?ref=search&referral_code=null&referral_story_type=post&__tn__=!%3AD
2012 BMW series 5,2012,BMW,series 5,9800000,,automatic,112000,Hualp√©n,Vendo o permuto andando impecable transferible,[],https://web.facebook.com/marketplace/item/788675373177922/?ref=search&referral_code=null&referral_story_type=post&__tn__=!%3AD
2011 BMW 318 i,2011,BMW,318 i,9790000,,automatic,115000,La Serena,Bmw 318I üá©üá™üöò ‚Ä¢ A√±o 2011 ‚Ä¢ Motor 2.0 ‚Ä¢ Full cuero ‚Ä¢ Velocidad Crucero ‚Ä¢ Mandos al volante ‚Ä¢ Transmisi√≥n autom√°tica ‚Ä¢ Segundo due√±o . . . üìçPrecio: 9.800.000,[],https://web.facebook.com/marketplace/item/1589318975256816/?ref=search&referral_code=null&referral_story_type=post&__tn__=!%3AD
2009 BMW series 5,2009,BMW,series 5,7990000,,automatic,205000,Chill√°n,Se vende BMW 525i top line !! - transferible al d√≠a -A√±o: 2009 -Full cuero -Velocidad crucero -Asientos el√©ctricos -Espejos el√©ctricos -Motor 2.5 v6 en l√≠nea -Sunroff el√©ctrico -Computador abordo -205.000 kil√≥metros Ig: EM_ventas_automotora Consultas al DM,['al dia'],https://web.facebook.com/marketplace/item/713214697504640/?ref=search&referral_code=null&referral_story_type=post&__tn__=!%3AD
2011 BMW 320i 2.0,2011,BMW,320i 2.0,4200000,,automatic,172000,Talca,Se vende bmw 320 2.0 en excelentes condiciones mantenimiento al d√≠a neum√°ticos impecables sensores de retroceso alzavidrios el√©ctricos cierre sentralizado alarma climatizador sunroof asientos de cuero el√©ctricos ensendido con bot√≥n (Star stop) papeles al d√≠a precio conberzable puedo recibir en parte de pago m√°s dinero a mi favor dudas consultas por interno,"['al dia', 'parte']",https://web.facebook.com/marketplace/item/445604907901501/?ref=search&referral_code=null&referral_story_type=post&__tn__=!%3AD
2011 BMW x1,2011,BMW,x1,6200000,,automatic,137000,Concepci√≥n,BMW X1 2011 Motor 2.0 bencinero Autom√°tico 137.xxx km Se vende o permuta (recibo o doy a favor) Valor conversable,['conversable'],https://web.facebook.com/marketplace/item/315334391202055/?ref=search&referral_code=null&referral_story_type=post&__tn__=!%3AD
2013 BMW series 1,2013,BMW,series 1,7900000,,automatic,4000,Coronel,Se vende auto bn cuidado atrasado solo un a√±o pero transferible es turbo 1.6 caja tictronic cero detalles mec√°nicos solo se vende x cambio de proyecto reales interesados ablarme al dm para cualkier duda o consulta.,['atrasado'],https://web.facebook.com/marketplace/item/940489557230084/?ref=search&referral_code=null&referral_story_type=post&__tn__=!%3AD
2011 BMW series 3,2011,BMW,series 3,9500000,,automatic,158000,San Pedro de La Paz,Auto en excelente estado....se puede permutar por auto de menor valor mas diferencia...coordinar visitas,[],https://web.facebook.com/marketplace/item/1320558861862995/?ref=search&referral_code=null&referral_story_type=post&__tn__=!%3AD
2008 BMW x5,2008,BMW,x5,6800000,,automatic,205000,Los √Ångeles,"Vehiculo en excelentes condiciones mecanicas, todos sus fluidos fueron cambiados hace 10.000km tanto de transmisi√≥n y motor con sus respectivos filtros. Papeles al dia y transferencia inmediata, detalles esteticos nada grave. Podria permutar o recibir en parte de pago. Recibo ofertas serias Se encuentra en los angeles.","['al dia', 'detalles menores', 'parte']",https://web.facebook.com/marketplace/item/756611033104304/?ref=search&referral_code=null&referral_story_type=post&__tn__=!%3AD
2006 BMW 525 ia,2006,BMW,525 ia,7000000,,automatic,250000,Concepci√≥n,"Se vende veh√≠culo en perfecto estado ,con sus manteciones ,tope de l√≠nea , vel cruzero,asientos de cuero,A/C,sensores de lluvia,sensor de retroceso delantero y trasero ,sunroof,espejos el√©ctricos,entre otros ,todo original ,se va con sus 2 llaves ,documentos al d√≠a [hidden information]",['al dia'],https://web.facebook.com/marketplace/item/380127631476859/?ref=search&referral_code=null&referral_story_type=post&__tn__=!%3AD
2011 BMW x1,2011,BMW,x1,4400000,,automatic,127000,Concepci√≥n,"Veh√≠culo en excelente estado, econ√≥mico con documentaci√≥n al d√≠a y a mi nombre. Versi√≥n full equipo, llegar y disfrutar [hidden information]",['al dia'],https://web.facebook.com/marketplace/item/697705052515036/?ref=search&referral_code=null&referral_story_type=post&__tn__=!%3AD
